{"extensionType":"field_faas","i18nMap":{"zh-CN":{"label.fieldSelect.position":"请选择位置所在字段","label.fieldSelect.time":"请选择日期时间所在字段","label.input.key":"请输入APIKey","label.input.key.placeholder":"请输入和风天气APIKey（若选择免费版请留空）","label.outField.weather":"天气文字描述（如阴晴雨雪）","label.outField.UV":"紫外线强度","label.outField.high":"当天最高温度（摄氏度）","label.outField.low":"当天最低温度（摄氏度）","label.outField.wind":"风力等级","label.outField.humidity":"相对湿度","label.outField.sunrise":"日出时间","label.outField.sunset":"日落时间"},"en-US":{"label.fieldSelect.position":"Please select the location field","label.fieldSelect.time":"Please select the datetime field","label.input.key":"Please enter the APIKey","label.input.key.placeholder":"Please enter the APIKey (if you choose free version, leave it blank)","label.outField.weather":"Weather text description (e.g. rain, snow, etc.)","label.outField.UV":"UV","label.outField.high":"Highest temperature (°C)","label.outField.low":"Lowest temperature (°C)","label.outField.wind":"Wind power level","label.outField.humidity":"Relative humidity","label.outField.sunrise":"Sunrise time","label.outField.sunset":"Sunset time"},"ja-JP":{"label.fieldSelect.position":"ポジションを選択してください","label.fieldSelect.time":"日付と時間を選択してください","label.input.key":"APIKeyを入力してください","label.input.key.placeholder":"APIKeyを入力してください（無料版の場合は空欄）","label.outField.weather":"天気の文字説明（例えば雨雪など）","label.outField.UV":"紫外線強度","label.outField.high":"最高気温（°C）","label.outField.low":"最低気温（°C）","label.outField.wind":"風力レベル","label.outField.humidity":"相対湿度","label.outField.sunrise":"日出時間","label.outField.sunset":"日没時間"}},"fields":[{"fieldType":25,"uiSchema":{"fieldsConfigEditor":{"component":"OpenFieldMetaEditor","props":{"schema":{"items":[{"key":"location","label":"${{label.fieldSelect.position}}","component":"FieldSelect","props":{"supportType":[1]},"validator":{"required":true}},{"key":"datetime","label":"${{label.fieldSelect.time}}","component":"FieldSelect","props":{"supportType":[5]},"validator":{"required":true}},{"key":"apikey","label":"${{label.input.key}}","component":"Text","props":{"placeholder":"${{label.input.key.placeholder}}"},"tooltips":[{"type":"text","content":"和风天气APIKey获取指南"},{"type":"link","text":"点我跳转","link":"https://wingahead.feishu.cn/wiki/PlbbwrSGqiz0pIk3SQkc41gfnEd?from=from_copylink"}]}]}}}},"presetFieldConfig":{"fieldProperty":{"propertyType":25,"icon":{"light":"https://lf3-static.bytednsdoc.com/obj/eden-cn/eqgeh7upeubqnulog/chatbot.svg"},"properties":[{"key":"primaryProperty","title":"${{label.outField.weather}}","propertyType":1},{"key":"id","title":"${{label.outField.weather}}","propertyType":1,"hidden":true},{"key":"UV","title":"${{label.outField.UV}}","propertyType":2},{"key":"high","title":"${{label.outField.high}}","extra":{"formatter":"0"},"propertyType":2},{"key":"low","title":"${{label.outField.low}}","extra":{"formatter":"0"},"propertyType":2},{"key":"wind","title":"${{label.outField.wind}}","propertyType":1},{"key":"humidity","title":"${{label.outField.humidity}}","extra":{"formatter":"0"},"propertyType":2},{"key":"sunrise","title":"${{label.outField.sunrise}}","propertyType":1},{"key":"sunset","title":"${{label.outField.sunset}}","propertyType":1}]},"externalEditorConfig":{}},"disableAutoUpdate":false}]}