{"extensionType":"field_faas","i18nMap":{"zh-CN":{"label.fieldSelect.number":"请选择单号所在字段","label.fieldSelect.corporation":"请选择快递公司所在字段","label.fieldSelect.phoneNumber":"请选择手机号(寄件人或收件人)所在字段","label.input.key":"请输入授权key","label.input.key.placeholder":"在快递100“查询与推送”中获取","label.input.customer":"请输入授权customer","label.input.customer.placeholder":"在快递100“查询与推送”中获取","label.outField.latestStatus":"最新状态","label.outField.detailStatus":"详细状态","label.outField.latestDate":"最新更新日期","label.outField.latestLocation":"最新地点","label.outField.latestPosition":"最近经纬度","label.outField.historyRecord":"历史记录"},"en-US":{},"ja-JP":{}},"fields":[{"fieldType":25,"uiSchema":{"fieldsConfigEditor":{"component":"OpenFieldMetaEditor","props":{"schema":{"items":[{"key":"number","label":"${{label.fieldSelect.number}}","component":"FieldSelect","props":{"supportType":[1]},"validator":{"required":true}},{"key":"corporation","label":"${{label.fieldSelect.corporation}}","component":"FieldSelect","props":{"supportType":[1]},"validator":{"required":true}},{"key":"phoneNumber","label":"${{label.fieldSelect.phoneNumber}}","component":"FieldSelect","props":{"supportType":[2]},"validator":{"required":true}},{"key":"key","label":"${{label.input.key}}","component":"Text","props":{"placeholder":"${{label.input.key.placeholder}}"},"validator":{"required":true}},{"key":"customer","label":"${{label.input.customer}}","component":"Text","props":{"placeholder":"${{label.input.customer.placeholder}}"},"validator":{"required":true}}]}}}},"presetFieldConfig":{"fieldProperty":{"propertyType":25,"icon":{"light":"https://lf3-static.bytednsdoc.com/obj/eden-cn/eqgeh7upeubqnulog/chatbot.svg"},"properties":[{"key":"primaryProperty","title":"${{label.outField.latestStatus}}","propertyType":1},{"key":"id","title":"${{label.outField.latestStatus}}","propertyType":1,"hidden":true},{"key":"detailStatus","title":"${{label.outField.detailStatus}}","propertyType":1},{"key":"latestDate","title":"${{label.outField.latestDate}}","propertyType":5},{"key":"latestLocation","title":"${{label.outField.latestLocation}}","propertyType":1},{"key":"latestPosition","title":"${{label.outField.latestPosition}}","propertyType":1},{"key":"historyRecord","title":"${{label.outField.historyRecord}}","propertyType":1}]},"externalEditorConfig":{}}}]}